<?xml version="1.0" encoding="utf-8"?>
<!--
  This file defines the executing context for the application. This replicates 
  information that would otherwise be available in Apprenda if you were connected
  to the live environment.

  In this file you can define different tenants that you can use for testing 
  purposes as well as the current executing tenant.

  The following is a sample definition that you can use to get started. It is
  advisable that you customize it to fit your organizational needs.

  The apprendaLocal tag defines two very important IDs. One is the id of the 
  application which is assigned to you when you create your application on the
  provider portal. The second id is your uniquely assiged id that you got when 
  you first signed up on Apprenda. The provider id will be the same for every
  application you develop in Apprenda.
-->

<apprendaLocal xmlns="http://schemas.apprenda.com/LocalConfig"
               xmlns:xsi="http://www.w3.org/2001/XMLSchema-instance"
               xsi:schemaLocation="http://schemas.apprenda.com/LocalConfig http://apprenda.com/schemas/platform/4.0/LocalApprendaConfig.xsd"
               applicationId="1389AB65-76F6-49bb-BE01-96FD62124653"
               providerId="C80D19C1-5FA1-48f7-B5D3-C4ADE90C8748">
  
  <!--
  The tenants tag encapsulates all of the tenants that you wish to define in the 
  system. Under this section is where you would define information for your 
  supposed clients. Remember that Apprenda runs in a tenant aware context so by
  defining all of your tenants in the following tag, you can test execution as
  if you were any of the defined tenants. This is usefull to see how your clients
  experience the application.
  -->
  <tenants>

    <!--
    First Tenant: The first tenant (also known as a client) is contoso. Here we
    define a tenant id, alias, company name, administrator and address. Notice
    how the administrator and the address are simply ids. This are ids of users
    and contact sections defined inside the tenant definition.
    -->
    <tenant id="9446478A-6E7E-4d08-AC09-2C3C0285F307"
            alias="tenant1"
            name="Tenant1 Inc."
            administrator="895c85e6-9c85-49a7-95e8-fb40340d2327"
            primaryContactSection="28B3962C-AF39-416f-955A-3BBDABC0B659">

      <!--
      The contactSections tag encapsulates all of the contact sections for the
      current tenant. Each contact section will have an id and a label and you can
      use the id to define the contact sections for your users as well as for the
      primary contact section of the tenant.
      -->
      <contactSections>
        <contactSection id="28B3962C-AF39-416f-955A-3BBDABC0B659" label="Headquarters">
          <location address="123 American Boulevard"
                    city="Albany"
                    state="New York"
                    country="United States of America"
                    zip="12203"/>
          <details>
            <detail id="E89D5049-9402-44e3-9094-009E93E0180C" name="Phone" value="555-555-5555"/>
          </details>
        </contactSection>
      </contactSections>

      <!--
      The users tag encapsulates all of the users for the current tenant. Each user
      will have an id that you can use to reference this user in the future. One of
      your defined users needs to be set as the administrator for the tenant by 
      assigning the user id as the administrator in the tenant tag definition.
      -->
      <users>

        <!-- First User -->
        <user id="895c85e6-9c85-49a7-95e8-fb40340d2327"
              email="bsmith@tenant1.com"
              firstName="Bob"
              lastName="Smith"
              primaryContactSection="8FA459CB-9F03-4146-87E0-65F07A8AF158">
          <contactSections>
            <contactSection id="8FA459CB-9F03-4146-87E0-65F07A8AF158" label="Office">
              <location address="123 American Boulevard"
                        city="Albany"
                        state="New York"
                        country="United States of America"
                        zip="12203"/>
              <details>
                <detail id="297E8B14-2D4D-4b84-AB13-D4122E2A9611" name="Phone" value="555-123-4567"/>
              </details>
            </contactSection>
          </contactSections>
        </user>

        <!-- Second User -->
        <user id="FC99D9E3-612A-48ad-A62B-E314923417A5"
              email="mjones@tenant1.com"
              firstName="Mary"
              lastName="Jones"/>

        <!-- Third User -->
        <user id="D0D353F2-4C71-4bd5-9021-7FBCD9A6AB99"
              email="jlopes@tenant1.com"
              firstName="Joe"
              lastName="Lopez"/>

      </users>

      <!--
      The roles tag allows for definition of specific access. In this section
      is where you can define different organizational roles as well as to
      give access to different securables to use throughout the application.
      -->
      <roles>

        <!--
        First we will define an Admin role. This role will be used to define 
        users with administrative access. Roles can include users as well as 
        other roles as their members. 
        -->
        <role id="F7B58397-EC59-4e4e-9FF6-2D0B12A25258" name="Managers">
          <userMembers>
            <userMember>895c85e6-9c85-49a7-95e8-fb40340d2327</userMember>
            <userMember>FC99D9E3-612A-48ad-A62B-E314923417A5</userMember>            
          </userMembers>
        </role>

        <!--
        This next role is the Manager role. This role will be used to 
        perform managerial operations. In the case of our little sample 
        application it will be changing priorities. Notice how we include 
        the Admin role (by referencing the Admin role id) so that the 
        Admin automatically inherets the securables of the Manager role.
        -->
        <role id="76872DF5-14DF-4b1b-9E15-AF86FD9E18C6" name="Programmers">
          <userMembers>
            <userMember>D0D353F2-4C71-4bd5-9021-7FBCD9A6AB99</userMember>
          </userMembers>
        </role>
      </roles>
    </tenant>

  </tenants>

  <!--
  Once all of your tenants have been defined, you will define the execution context.
  This will represents the current running tenant. It is in this tag where you will 
  also define meters and securables for the executing tenant.
  
  Examples (Copy/paste user id into execution context userId):
  *** Contoso ***
  Mario Lopez: D0D353F2-4C71-4bd5-9021-7FBCD9A6AB99 - 
  Mario belongs to no roles, and therefore has very limited access to the application.
  Jorge Lucas: F19929F5-9F48-4002-878C-D4AADD786E47 - 
  Jorge is an administrator and has unlimited access to the application.  
  -->
  <executionContext tenantId="9446478A-6E7E-4d08-AC09-2C3C0285F307"
                    userId="895c85e6-9c85-49a7-95e8-fb40340d2327"
                    subscriptionId="D1956834-5AD3-4a18-81B8-D43EF2E7B6DE"
                    sessionId="01A55496-EBBD-4694-8FC9-4712EE7334A9" >

    <!--
    Meters: The execution meters measures the meters for the current tenant. In this
    section you will define all of the meters for the current tenant as well as their
    initial values. This is usefull to help you evaluate different situations depending
    on the meter values.
    -->
    <executionMeters>
      <toggle name="Say Hello" enabled="true"/>
      <block name="Get Time" enabled="true" count="3"/>
      <block name="Get Number" enabled="true" count="5"/>
      <limiter name="Number Of Projects" enabled="true" limit="20" count="7" />
      <boundary name="File Size" enabled="true" boundary="1024"/>
    </executionMeters>

    <!-- 
    Securables: When writting an application, there is certain functionality that 
    you only whant to make available to certain people. This type of functionality
    is called a securable; meaning that it can be secured or that it requires
    additional security credentials to be able to access it. For this application
    we have two securables.
    
    The first securable: adminSection will be used to secure the administrative section
    and only allow a restrictive access to this section all together.
    The second securbale: changePriority will be used to prevent anyone from changing
    the priority of a task.
    -->
    <executionSecurables></executionSecurables>
  </executionContext>
</apprendaLocal>
