﻿<?xml version="1.0" encoding="utf-8"?>
<appManifest xmlns="http://schemas.apprenda.com/DeploymentManifest" xmlns:xsi="http://www.w3.org/2001/XMLSchema-instance" xsi:schemaLocation="http://schemas.apprenda.com/DeploymentManifest http://apprenda.com/schemas/platform/6.8/DeploymentManifest.xsd">

			 <!--Valid values for applicationServices level: "None", "Authentication", "Authorization", "Multitenancy", "Billing"-->
	<applicationServices level="Multitenancy" />	
			 
	<features>
		<toggle name="Say Hello" />
		<block name="Get Time" />
		<block name="Get Number" />
		<limiter name="Number Of Projects" />
		<boundary name="File Size" />
	</features>

	<executionSecurables />

</appManifest>